{
    "train_loss": [
        0.005124307649753147,
        0.0020919208588322975,
        0.0019386815104385014,
        0.0021046101219339237,
        0.0019323960157100009,
        0.0015748415286715727,
        0.0018042229876532108,
        0.0016566239836407744,
        0.0015915968234512393,
        0.001260274925496501,
        0.001138602648713923,
        0.00107958708549387,
        0.0009775333389333337,
        0.0009855956585513928,
        0.000955330595720554,
        0.0009162360632383262,
        0.0009078308245064388,
        0.0008393731380275329,
        0.0008285314966711664,
        0.0008286139491272741,
        0.0008049362772168665,
        0.0007988059386722378,
        0.0007700224800912054
    ],
    "val_loss": [
        0.0015301740433432106,
        0.0008188089371341442,
        0.000601843859620572,
        0.0005041859472151911,
        0.00036607346182537435,
        0.000484226173609972,
        0.0005213162833144777,
        0.00047900576461653644,
        0.0005134700086734167,
        0.0004076135390622506,
        0.0004081864680146043,
        0.0003025154593096936,
        0.00022161477097975543,
        0.00031514617585742425,
        0.0003676227828828993,
        0.00046216128384184315,
        0.0005801397989646342,
        0.0003753616790507084,
        0.0002987213307143178,
        0.0003438155023791509,
        0.00024427575717536664,
        0.0002620530481038032,
        0.00028739680071626
    ],
    "learning_rates": [
        0.001,
        0.001,
        0.001,
        0.001,
        0.001,
        0.001,
        0.001,
        0.001,
        0.0002,
        0.0002,
        0.0002,
        0.0002,
        0.0002,
        0.0002,
        0.0002,
        0.0002,
        4e-05,
        4e-05,
        4e-05,
        4e-05,
        8.000000000000001e-06,
        8.000000000000001e-06,
        8.000000000000001e-06
    ]
}