{
    "train_loss": [
        0.0017824316901128947
    ],
    "val_loss": [
        0.004045672257028625
    ],
    "learning_rates": [
        0.00025
    ]
}