{
    "train_loss": [
        0.0007576546289670233
    ],
    "val_loss": [
        0.0004165398267057179
    ],
    "learning_rates": [
        0.000125
    ]
}