{
    "train_loss": [
        0.2526172948488176
    ],
    "val_loss": [
        0.03767156350458491
    ],
    "learning_rates": [
        0.001
    ]
}