{
    "train_loss": [
        0.0013918700274076796
    ],
    "val_loss": [
        0.0012632502521434865
    ],
    "learning_rates": [
        0.00025
    ]
}