{
    "train_loss": [
        0.0007460478073215873
    ],
    "val_loss": [
        0.00027030209792811596
    ],
    "learning_rates": [
        7.8125e-06
    ]
}