{
    "train_loss": [
        0.0017022787245211772
    ],
    "val_loss": [
        0.0013559526458170456
    ],
    "learning_rates": [
        3.125e-05
    ]
}