{
    "train_loss": [
        2.3216913168434985
    ],
    "val_loss": [
        0.003920161733223158
    ],
    "learning_rates": [
        0.00025
    ]
}