{
    "train_loss": [
        2.5482334758271463
    ],
    "val_loss": [
        0.0036871991370672134
    ],
    "learning_rates": [
        0.0005
    ]
}