{
    "train_loss": [
        0.0007247302758680654
    ],
    "val_loss": [
        0.00022931587213143327
    ],
    "learning_rates": [
        1.5625e-05
    ]
}